Brand,Flavor,Size
1792,Bottled In Bond,750ML
1792,Full Proof,750ML
1792,Small Batch,750ML
1792,Sweet Wheat,750ML
1800,Coconut Tequila,750ML
1800,Cristalino Anejo,750ML
1800,Silver Blanco Tequila,750ML
360,Blue Raspberry,50ML
360,Pineapple,50ML
99,Apple,100ML
99,Apple,50ML
99,Bananas,100ML
99,Bananas,50ML
99,Blue Raspberry,50ML
99,Butterscotch,100ML
99,Cherry Limeade,50ML
99,Chocolate,50ML
99,Fruit Punch,50ML
99,Grapes,100ML
99,Mystery Flavor,50ML
99,Peach,50ML
99,Peaches,100ML
99,Peppermint,50ML
99,Root Beer,50ML
99,Sour Apple,50ML
99,Sour Berry,50ML
99,Sour Cherry,50ML
99,Whipped,50ML
Absolut,80,375ML
Admiral Nelson's,Spiced Rum,1.75L
Admiral Nelson's,Spiced Rum,750ML
Avion,Silver Tequila,750ML
Bacardi,Gold,375ML
Bacardi,Superior,375ML
Bacardi,Superior,50ML
Baileys,Irish Cream,375ML
Baileys,Irish Cream,50ML
Bakers,BBN 13YR,750ML
Banks,Island Blend 5 Rum,750ML
Basil Hayden,10YR,750ML
Basil Hayden,,375ML
Basil Hayden,,750ML
Belvedere,Vodka,375ML
Benchmark,,50ML
Benjamins,Pineapple,50ML
Benjamins,Watermelon,50ML
Bird Dog,7YR,50ML
Bird Dog,Apple Whiskey,50ML
Bird Dog,Black Cherry,50ML
Bird Dog,Blackberry Whiskey,50ML
Bird Dog,Candy Cane Whiskey,50ML
Bird Dog,Chocolate Whiskey,50ML
Bird Dog,Ginger Bread,50ML
Bird Dog,Mesquite Brown Sugar,50ML
Bird Dog,Peanut Butter,50ML
Bird Dog,Pumpkin Spice Whiskey,50ML
Bird Dog,Salted Caramel,50ML
Bird Dog,Smores Whiskey,50ML
Bird Dog,Strawberry,50ML
Blood Oath,Pact No 9,750ML
Blood Oath,Pact No.7,750ML
Bombay,Bramble Gin,50ML
Bomberger's,Declaration Bourbon,750ML
Booker's,Little Book 122.6PR,
Booker's,Noe 2021-02,750ML
Bozal,Ensemble Mezcal,750ML
Brinley Gold,Shipwreck Coconut Rum,750ML
Brinley Gold,Shipwreck Coffee Rum,750ML
Brinley Gold,Shipwreck Spiced Rum,750ML
Brinley Gold,Vanilla,750ML
Bushmills,10YR,750ML
Buzzballz,Choco Tease,200ML
Buzzballz,Tequila 'Rita,200ML
Captain Morgan,Pineapple,750ML
Caravella,Limoncello,750ML
Ciroc,Snap Frost,375ML
Ciroc,Snap Frost,50ML
Clyde Mays,92PR,750ML
Cognac Park,Pineau des Charentes,750ML
Crown Royal,Apple,50ML
Crown Royal,Whisky & Cola,375ML
Cutwater,Mango Margarita,355ML
DeLe√≥n,Blanco Tequila,50ML
Deep Eddy,Lemon Vodka,50ML
Dewar's,Blended Scotch Whisky,50ML
Disaronno,Amaretto,50ML
Domaine de Canton,French Ginger Liqueur,750ML
Don Julio,Blanco Tequila,50ML
Dos Hombres,Mezcal,50ML
Dr. McGillicuddy's,Fireball,375ML
Dr. McGillicuddy's,Root Beer,50ML
E&J,Brandy,375ML
Eagle Rare,10YR,750ML
Elijah Craig,Small Batch,50ML
Elijah Craig,Small Batch,750ML
Evan Williams,Apple,50ML
Evan Williams,Honey,50ML
Fireball,,375ML
Fireball,,50ML
Firefly,Moonshine Apple Pie,375ML
Firefly,Peach Moonshine,375ML
Firefly,Sweet Tea Vodka,375ML
Firefly,Sweet Tea Vodka,50ML
Firefly,White Lightning Moonshine,375ML
Garrison Brothers,Balmorhea,750ML
Gentleman Jack,,375ML
Gentleman Jack,,50ML
Ghost Tequila,,50ML
Glenlivet,12YR,50ML
Glenlivet,12YR,750ML
Grey Goose,,50ML
Hennessy,VS,375ML
Hennessy,VS,50ML
High West,American Prairie,375ML
Hiram Walker,Blue Curacao,750ML
Hiram Walker,Orange Curacao,750ML
Hiram Walker,Triple Sec,750ML
Hornitos,Plata,50ML
Horse Soldier,Barrel Strength,750ML
Jameson,Irish Whiskey,50ML
Jefferson's,Ocean Aged,50ML
Jefferson's,Reserve,750ML
Jack Daniels,Single Barrel,375ML
Jack Daniels,Single Barrel,50ML
Jack Daniels,Tennessee Honey,50ML
Jim Beam,Apple,50ML
Jim Beam,Honey,50ML
Jim Beam,Peach,50ML
Jim Beam,Red Stag,50ML
Jose Cuervo,Margarita Mix,1.75L
Jose Cuervo,Tequila Silver,50ML
Jose Cuervo,Tequila Tradicional,50ML
Kinky,Pink,50ML
Kinky,Red,50ML
Kraken,Black Spiced Rum,375ML
Kraken,Black Spiced Rum,50ML
Larceny,BBN,750ML
Larceny,SBW,750ML
Larceny,Small Batch,50ML
Larceny,Small Batch,750ML
Lemon Hart,151,750ML
Licor 43,43,50ML
Licor 43,Licor 43,375ML
Licor 43,Orochata,750ML
Licor 43,Rojo,750ML
Malibu,Black,375ML
Malibu,Black,375ML
Malibu,Coconut,50ML
Maker's Mark,,375ML
Maker's Mark,,50ML
McCormick,Vodka,1.75L
McCormick,Vodka,375ML
McCormick,Vodka,50ML
Milagro,Tequila,50ML
New Amsterdam,Gin,50ML
New Amsterdam,Vodka,50ML
Old Forester,100 Proof,375ML
Old Forester,86 Proof,375ML
Ole Smoky,Apple Pie Moonshine,375ML
Ole Smoky,Blackberry Moonshine,375ML
Ole Smoky,Hunch Punch Moonshine,375ML
Ole Smoky,Mango Habanero Whiskey,375ML
Ole Smoky,Moonshine Cherries,375ML
Ole Smoky,Moonshine Pickles,375ML
Ole Smoky,Peach Moonshine,375ML
Ole Smoky,Pineapple Moonshine,375ML
Ole Smoky,Salty Watermelon Whiskey,375ML
Ole Smoky,Strawberry Mango Margarita,375ML
Ole Smoky,White Lightning Moonshine,375ML
Patron,Silver Tequila,50ML
Paul Masson,Brandy,50ML
Pinnacle,Vodka,50ML
Proper Twelve,Irish Whiskey,50ML
Rebel Yell,Kentucky Straight Bourbon,50ML
Remy Martin,VSOP,50ML
Remy Martin,VSOP,375ML
Sailor Jerry,Spiced Rum,50ML
Sailor Jerry,Spiced Rum,750ML
Seagram's,Extra Dry Gin,375ML
Seagram's,Extra Dry Gin,50ML
Seagram's,Lime Twisted Gin,375ML
Seagram's,Peach Twisted Gin,375ML
Seagram's,Pineapple Twisted Gin,375ML
Seagram's,Watermelon Twisted Gin,375ML
Skol,Vodka,1.75L
Skol,Vodka,375ML
Skol,Vodka,50ML
Skyy,Vodka,50ML
Smirnoff,Citrus Vodka,50ML
Smirnoff,Citrus Vodka,750ML
Smirnoff,Vodka,375ML
Smirnoff,Vodka,50ML
Southern Comfort,Peach,50ML
Southern Comfort,Whiskey,50ML
Southern Comfort,Whiskey,750ML
Stoli,Vodka,50ML
